<?xml version="1.0" encoding="UTF-8"?>
<xml><records><record><database name="MyLibrary">MyLibrary</database><source-app name="Zotero">Zotero</source-app><ref-type name="Journal Article">17</ref-type><contributors><authors><author>Modrow, Sebastian</author><author>Smith, Melissa</author></authors></contributors><titles><title>The Papal Bull Inter Caetera of May 4, 1493: Introduced and translated by Sebastian Modrow and Melissa Smith</title><secondary-title>Doctrine of Discovery Project</secondary-title><short-title>The Papal Bull Inter Caetera</short-title></titles><periodical><full-title>Doctrine of Discovery Project</full-title></periodical><dates><year>2022</year><pub-dates><date>13 June 2022</date></pub-dates></dates><urls><web-urls><url>https://doctrineofdiscovery.org/inter-caetera/</url></web-urls></urls></record></records></xml>